<profile version="1.0">
  <option name="myName" value="Default" />
  <inspection_tool class="PyPep8Inspection" enabled="true" level="WEAK WARNING" enabled_by_default="true">
    <option name="ignoredErrors">
      <list>
        <option value="E701" />
        <option value="W605" />
        <option value="E722" />
      </list>
    </option>
  </inspection_tool>
  <inspection_tool class="PyPep8NamingInspection" enabled="true" level="WEAK WARNING" enabled_by_default="true">
    <option name="ignoredErrors">
      <list>
        <option value="N802" />
      </list>
    </option>
  </inspection_tool>
  <inspection_tool class="PyShadowingBuiltinsInspection" enabled="true" level="WEAK WARNING" enabled_by_default="true">
    <option name="ignoredNames">
      <list>
        <option value="id" />
      </list>
    </option>
  </inspection_tool>
</profile>